{
    "K":[
        [
            3126.384003803299,
            0.0,
            1993.8432404884418
        ],
        [
            0.0,
            3125.5718243324823,
            1414.9908985007826
        ],
        [
            0.0,
            0.0,
            1.0
        ]
    ],
    "dist":[
        [
            0.14294342139821864,
            -0.48042444740266055,
            -0.006612402628681109,
            0.001327060089753498,
            0.4950991956937261
        ]
    ],
    "focal_length":4.74,
    "ret":2.5798773141052003,
    "rvecs":[
        [
            [
                -0.0011222845044144788
            ],
            [
                -0.48988970647984753
            ],
            [
                0.001730069493193447
            ]
        ],
        [
            [
                -0.1102198299251279
            ],
            [
                0.2731106533733146
            ],
            [
                0.024458766421528243
            ]
        ],
        [
            [
                -0.10359594311272462
            ],
            [
                -0.32621366362769727
            ],
            [
                0.004705738602512053
            ]
        ],
        [
            [
                -0.065596837109284
            ],
            [
                -0.08061009441662316
            ],
            [
                0.0011544201960232605
            ]
        ],
        [
            [
                -0.061074162393380205
            ],
            [
                -0.0717459323039541
            ],
            [
                -0.027997047703904276
            ]
        ],
        [
            [
                -0.11523473653053928
            ],
            [
                -0.2839341853155347
            ],
            [
                -0.006773242863700887
            ]
        ],
        [
            [
                -0.24031959451779866
            ],
            [
                -0.04092434152825222
            ],
            [
                -0.009780259282290015
            ]
        ],
        [
            [
                -0.1216497905854561
            ],
            [
                -0.34963913514727873
            ],
            [
                -0.02569733470069278
            ]
        ],
        [
            [
                -0.07672903343949287
            ],
            [
                0.019703923612592697
            ],
            [
                0.017424218370338095
            ]
        ],
        [
            [
                -0.052134951992601805
            ],
            [
                0.25230858452869964
            ],
            [
                0.03655516419903021
            ]
        ],
        [
            [
                -0.057142102878387266
            ],
            [
                -0.3678186650772369
            ],
            [
                -0.03738547544360123
            ]
        ],
        [
            [
                -0.05823771969171518
            ],
            [
                -0.12183579293982454
            ],
            [
                -0.0429006975813474
            ]
        ],
        [
            [
                -0.0640273952458631
            ],
            [
                -0.6190817336231937
            ],
            [
                -0.040714117255987024
            ]
        ],
        [
            [
                -0.09813365853561312
            ],
            [
                -0.4769374666456184
            ],
            [
                -0.05922179476736095
            ]
        ],
        [
            [
                -0.006112419940883249
            ],
            [
                -0.2541561494274291
            ],
            [
                -0.03751409781206741
            ]
        ],
        [
            [
                -0.12194973979445445
            ],
            [
                -0.3174451881713837
            ],
            [
                -0.0020405236027735167
            ]
        ],
        [
            [
                0.05774466128051572
            ],
            [
                0.2378108014834434
            ],
            [
                0.011762831604776055
            ]
        ],
        [
            [
                0.037293403245412214
            ],
            [
                -0.03996528392449942
            ],
            [
                -0.022123893542238506
            ]
        ],
        [
            [
                0.01842293919373146
            ],
            [
                0.10926665980163454
            ],
            [
                0.011947727660609852
            ]
        ],
        [
            [
                -0.1540424208306323
            ],
            [
                -0.032202207385522985
            ],
            [
                -0.0035675437627267497
            ]
        ],
        [
            [
                0.015391007109464689
            ],
            [
                -0.25446608217760536
            ],
            [
                -0.08090707581779026
            ]
        ],
        [
            [
                -0.08227523904847261
            ],
            [
                -0.2964141582982297
            ],
            [
                -0.05455928215224278
            ]
        ],
        [
            [
                -0.14976720978468183
            ],
            [
                -0.38649429672486957
            ],
            [
                -0.01353602502846105
            ]
        ],
        [
            [
                0.2775224330745609
            ],
            [
                -0.15564559747939524
            ],
            [
                -0.00043558661540853014
            ]
        ],
        [
            [
                -0.2292744879571913
            ],
            [
                -0.5686432257485134
            ],
            [
                -0.0280349170019989
            ]
        ],
        [
            [
                -0.11702285696710049
            ],
            [
                -0.5537145312735122
            ],
            [
                -0.04598093103691589
            ]
        ],
        [
            [
                -0.3142780712684703
            ],
            [
                -0.12658385629708455
            ],
            [
                -0.029657545933449245
            ]
        ],
        [
            [
                -0.1885246006789304
            ],
            [
                0.1205960639406122
            ],
            [
                0.06896250253174534
            ]
        ],
        [
            [
                -0.1978726308147452
            ],
            [
                0.09086841390203165
            ],
            [
                0.06147751891716526
            ]
        ],
        [
            [
                -0.06523000763907545
            ],
            [
                -0.4572296091095025
            ],
            [
                -0.038154951607695047
            ]
        ],
        [
            [
                0.007406306915701108
            ],
            [
                0.2237650207131248
            ],
            [
                0.008990175718064151
            ]
        ],
        [
            [
                0.001160319190362878
            ],
            [
                -0.37286579205449255
            ],
            [
                -0.040648246716912396
            ]
        ],
        [
            [
                0.1124823801234039
            ],
            [
                0.03712752071605188
            ],
            [
                -0.051178607591583006
            ]
        ],
        [
            [
                -0.19270957622131069
            ],
            [
                0.09347686749774586
            ],
            [
                0.05798616477282791
            ]
        ]
    ],